position,name,age,bats,throws,overall,potential,injury_prone,war,rwar,demand,jaws
SP,Josh Long,28,R,R,4.5,5.0,Normal,0.0,4.9,12500000.0,23.8
SP,U-Jae Chung,25,R,R,3.0,3.5,Normal,0.0,0.0,4099999.9999999995,0.0
SP,Dixon Harmon,31,L,L,3.0,3.0,Normal,0.0,5.7,2200000.0,23.0
2B,Mitch Loo,34,S,R,3.0,3.0,Wrecked,2.8,0.0,2400000.0,23.0
1B,Max Maughan,29,R,R,3.0,3.0,Normal,-0.6,0.0,700000.0,9.6
3B,Ross Johnson,33,R,R,3.0,3.0,Normal,1.9,0.0,1100000.0,21.0
SP,Israel Nickerson,33,R,R,3.0,3.0,Normal,0.0,2.3,1000000.0,21.8
SP,Diosbel Jordan,34,R,R,3.0,3.0,Normal,0.0,1.6,1100000.0,35.0
1B,Parker Ray,30,R,R,2.5,2.5,Normal,3.0,0.0,1200000.0,0.3
SP,Domingo Montalvo,38,L,L,2.5,2.5,Fragile,0.0,1.0,1200000.0,37.4
SP,Darik Neumann,33,R,R,3.0,3.0,Fragile,0.0,4.1,1100000.0,6.4
C,Juan Carlos Medina,30,R,R,3.5,3.5,Normal,1.1,0.0,600000.0,6.8
SP,Bill Frazier,38,L,L,2.5,2.5,Fragile,0.0,-0.3,1100000.0,38.8
SP,Everett Morrow,39,L,R,2.5,2.5,Normal,0.0,1.6,1100000.0,29.4
SP,Gerald Wheeler,38,R,R,2.5,2.5,Normal,0.0,0.7,1100000.0,31.9
SP,Luke Coleman,37,S,R,2.5,2.5,Normal,0.0,0.7,630000.0,20.1
SP,Amaro Hinojosa,35,L,L,3.0,3.0,Wrecked,0.0,3.7,800000.0,24.1
SP,Chun-Yen Wang,33,R,R,3.0,3.0,Normal,0.0,0.0,750000.0,0.0
SP,Tommy Eriba,37,R,R,2.5,2.5,Normal,0.0,0.6,950000.0,16.3
3B,Zane Grifaldo,39,R,R,2.5,2.5,Fragile,-0.8,0.0,0.0,53.5
3B,Roger Hong,33,R,R,3.0,3.0,Normal,1.5,0.0,800000.0,28.3
SP,Louis Lam,38,R,R,2.5,2.5,Fragile,0.0,-0.2,950000.0,24.4
1B,Parker Sparrow,38,L,L,2.5,2.5,Normal,0.2,0.0,950000.0,33.7
SP,Nick Tyre,34,L,L,3.0,3.0,Normal,0.0,3.9,850000.0,12.9
SP,Ralph Alers,38,R,R,2.5,2.5,Wrecked,0.0,1.1,900000.0,14.3
1B,Aiden Gumm,36,S,R,2.5,2.5,Normal,0.0,-0.1,0.0,14.1
SP,Edgardo Pardo,31,R,R,3.0,3.0,Normal,0.0,2.9,950000.0,12.3
SP,Cayden Patton,37,L,L,2.5,2.5,Normal,0.0,-0.6,900000.0,20.0
2B,Thomas Rodriguez,35,S,R,2.5,2.5,Normal,2.2,0.0,900000.0,12.0
SP,Dale St. John,37,R,R,2.5,2.5,Fragile,0.0,-0.1,900000.0,12.8
SP,Gabe Haar,37,R,R,2.5,2.5,Wrecked,0.0,0.1,850000.0,15.6
SP,François Biron,34,R,R,2.5,2.5,Fragile,0.0,1.1,650000.0,13.6
SP,John Ford,36,L,L,2.5,2.5,Normal,0.0,0.1,600000.0,32.9
RP,Vitin Juarez,36,R,R,3.0,3.0,Wrecked,0.0,1.1,750000.0,10.7
C,Olvis Rosa,34,L,R,2.5,2.5,Iron Man,-0.4,0.0,850000.0,9.9
C,Bobby Smith,31,R,R,3.0,3.0,Fragile,-0.3,0.0,600000.0,1.5
LF,Antonio Yanez,35,L,L,3.0,3.0,Wrecked,-1.8,0.0,0.0,37.1
SP,Shea Boyer,35,R,R,2.5,2.5,Normal,0.0,0.7,800000.0,13.8
SP,Jack Bélanger,33,R,R,2.5,2.5,Normal,0.0,1.7,700000.0,6.6
2B,Jacome Carrillo,29,R,R,2.5,3.0,Fragile,2.0,0.0,550000.0,2.6
SP,Vito Gmitter,29,L,L,3.0,3.0,Normal,0.0,3.4,800000.0,8.7
SP,Oakes Kassabian,26,L,L,3.0,3.0,Normal,0.0,0.0,504000.0,0.0
SP,Gaspar Borda,32,R,R,2.5,2.5,Normal,0.0,-0.0,0.0,0.0
SP,Cayden French,35,R,R,2.5,2.5,Normal,0.0,-1.0,0.0,20.0
CF,Jeremy Heaney,36,L,L,2.5,2.5,Fragile,1.0,0.0,800000.0,30.0
C,Gary Leroux,33,S,R,2.5,2.5,Normal,0.3,0.0,0.0,0.0
SP,Bray Michaud,37,L,L,2.5,2.5,Fragile,0.0,1.1,800000.0,5.6
RP,Joe Reed,35,R,R,3.0,3.0,Normal,0.0,1.3,800000.0,11.9
RF,Darwin Reese,35,R,R,2.5,2.5,Normal,0.2,0.0,0.0,37.2
SP,Zach Ritchey,36,L,L,2.5,2.5,Normal,0.0,0.3,800000.0,3.2
1B,Mark Shepherd,34,R,R,2.5,2.5,Normal,0.1,0.0,0.0,6.5
LF,José Suárez,37,R,R,2.5,2.5,Fragile,-0.7,0.0,0.0,26.3
SP,Paxton Wingfield,38,R,L,2.5,2.5,Normal,0.0,2.0,800000.0,13.4
RP,Jeremiah Jackson,30,L,R,3.0,3.0,Normal,0.0,1.5,617000.0,7.0
2B,Bucky Randall,31,L,R,3.0,3.0,Normal,1.1,0.0,700000.0,9.3
SP,Ezra Worley,30,R,R,3.0,3.0,Normal,0.0,1.3,700000.0,6.6
SP,Diego Acosta,33,R,R,2.5,2.5,Fragile,0.0,0.0,0.0,3.8
1B,Maddux Baron,35,R,R,2.5,2.5,Normal,-0.2,0.0,0.0,15.1
SP,Len Boeckner,35,R,R,3.0,3.0,Normal,0.0,2.1,750000.0,20.2
LF,Seth DeFoe,33,R,R,2.5,2.5,Normal,-0.9,0.0,0.0,8.1
RP,Ron Devlin,35,R,R,3.0,3.0,Fragile,0.0,0.4,750000.0,4.5
SP,Liam Faulkner,33,R,R,2.5,2.5,Normal,0.0,1.3,284000.0,4.4
LF,Harvey Givens,31,L,L,3.0,3.0,Normal,-0.2,0.0,600000.0,2.6
SS,Parker Hasslinger,31,R,R,2.5,2.5,Normal,1.4,0.0,750000.0,21.7
1B,Wyatt King,30,R,R,2.5,2.5,Wrecked,-0.6,0.0,0.0,2.7
SP,Joe MacClancy,31,R,R,2.5,2.5,Fragile,0.0,-0.8,0.0,8.2
SS,Aquiles Murillo,33,R,R,2.0,2.0,Normal,-0.6,0.0,0.0,0.0
SP,Kiki Ortega,35,R,R,2.5,2.5,Normal,0.0,1.3,750000.0,2.7
CF,Karim Stenholt,29,R,R,2.5,2.5,Normal,-0.7,0.0,0.0,15.4
SP,Eglis Sánchez,34,R,R,2.5,2.5,Normal,0.0,0.5,0.0,32.2
3B,Dakota Wiley,34,R,R,2.5,2.5,Iron Man,0.0,0.0,0.0,20.0
SP,D.C. May,29,L,L,2.5,2.5,Normal,0.0,-0.4,0.0,2.5
3B,Parker Hutchins,29,S,R,3.0,3.0,Normal,0.2,0.0,650000.0,9.8
LF,Rafael Blanco,28,R,R,2.5,2.5,Normal,0.6,0.0,0.0,8.7
RP,Chase Burrows,35,R,R,2.5,2.5,Normal,0.0,-0.3,0.0,3.8
C,Jackson Campbell,35,R,R,2.5,2.5,Normal,-0.3,0.0,0.0,8.2
RP,Josh Carew,37,S,R,2.5,2.5,Fragile,0.0,1.0,620000.0,3.5
3B,Chuck Carpenter,34,R,R,2.5,2.5,Normal,1.0,0.0,0.0,2.2
3B,Tatum Cockerell,32,R,R,2.5,2.5,Wrecked,0.3,0.0,700000.0,3.2
C,Owen Condell,33,R,R,2.5,2.5,Normal,-0.2,0.0,700000.0,9.6
C,Chidozie Dada,30,S,R,2.5,2.5,Normal,0.6,0.0,0.0,0.0
SP,Nick DeMong,33,L,R,3.0,3.0,Normal,0.0,3.4,700000.0,10.3
SS,Derek DeVries,30,R,R,3.0,3.0,Fragile,3.4,0.0,700000.0,9.2
1B,Yasmany Granillo,34,L,R,2.5,2.5,Normal,0.1,0.0,0.0,5.0
2B,Chris Grosshans,31,R,R,2.5,2.5,Fragile,-0.4,0.0,0.0,12.4
SP,Bastian Gutiérrez,34,R,L,2.5,2.5,Normal,0.0,0.6,700000.0,0.0
SS,B.J. Huey,33,R,R,3.0,3.0,Fragile,3.0,0.0,600000.0,31.2
SP,Josh Jamison,30,R,R,2.5,2.5,Normal,0.0,1.1,700000.0,1.7
3B,Nickson Lafortune,37,R,R,2.0,2.0,Wrecked,-0.1,0.0,0.0,10.3
RP,Bailey Ly,31,R,R,2.5,2.5,Iron Man,0.0,-0.3,700000.0,5.2
1B,Landon Matthews,30,R,R,2.5,2.5,Normal,0.1,0.0,0.0,1.1
SS,Ethan Michaela,31,R,R,3.0,3.0,Wrecked,1.5,0.0,700000.0,15.4
SP,Alfonzo Muniz,31,R,R,2.5,2.5,Normal,0.0,1.3,0.0,6.8
LF,Graham Peregoy,34,R,R,2.5,2.5,Normal,0.5,0.0,0.0,1.7
LF,Vince Pohlman,32,S,R,2.5,2.5,Normal,-0.3,0.0,0.0,2.4
SP,Adrian Raffray,30,L,L,2.5,2.5,Normal,0.0,0.5,0.0,6.7
RP,Gavin Richie,31,L,L,2.5,2.5,Fragile,0.0,0.5,700000.0,1.6
1B,Patrick Rook,35,R,R,2.5,2.5,Normal,0.8,0.0,700000.0,4.3
CF,Brody Steed,33,R,R,2.0,2.0,Normal,1.8,0.0,700000.0,0.6
SP,Hunter Swartz,32,S,R,2.5,2.5,Normal,0.0,1.3,0.0,4.2
2B,Everett Vanover,32,R,R,3.0,3.0,Normal,1.0,0.0,600000.0,8.0
SP,Jer Findley,38,L,L,2.5,2.5,Fragile,0.0,1.7,680000.0,35.1
RF,Lemuel Isaacs,39,L,L,2.5,2.5,Fragile,0.3,0.0,800000.0,46.9
SP,Codie Applegate,30,R,R,2.5,2.5,Normal,0.0,-1.1,0.0,7.4
C,Ray Curran,29,R,R,3.0,3.0,Normal,-0.0,0.0,650000.0,0.5
SP,Tuck Evans,33,R,R,2.5,2.5,Normal,0.0,-0.6,0.0,5.5
2B,Vicente Manzano,31,L,R,2.5,2.5,Fragile,-0.1,0.0,650000.0,1.1
SP,B.J. Minor,34,R,R,2.5,2.5,Normal,0.0,1.4,600000.0,6.4
LF,Mikó Pedroso,32,R,R,2.0,2.0,Durable,1.2,0.0,650000.0,0.0
LF,Simon Ramírez,30,L,L,3.0,3.0,Wrecked,0.5,0.0,0.0,1.7
LF,Gregg Stout,33,R,L,2.5,2.5,Wrecked,0.2,0.0,650000.0,2.3
SP,Matthew Tally,32,R,R,2.5,2.5,Normal,0.0,0.1,440000.0,9.1
1B,Alfredo Vicente,32,R,R,2.5,2.5,Normal,-0.6,0.0,0.0,0.3
SS,Shui-Long Wang,41,R,R,2.0,2.0,Fragile,0.0,0.0,0.0,0.0
SS,Flynn Weaver,31,S,R,2.5,2.5,Normal,-0.4,0.0,700000.0,6.7
RF,Harley Wilson,30,L,L,3.0,3.0,Normal,-0.3,0.0,600000.0,2.6
SP,Stewart Yamada,30,R,R,2.5,2.5,Fragile,0.0,0.4,0.0,1.2
C,Adrian Hillegas,30,R,R,2.5,2.5,Normal,0.4,0.0,643000.0,0.0
RP,Carter Enyeart,31,R,R,3.0,3.0,Normal,0.0,1.1,617000.0,4.6
SP,Walt Smith,30,R,R,2.5,2.5,Normal,0.0,0.3,700000.0,3.0
RP,Travis Thomas,27,R,R,2.5,2.5,Normal,0.0,0.8,617000.0,1.8
SP,Nathanael Agulair,28,R,R,2.5,3.0,Normal,0.0,0.8,0.0,1.5
LF,Jules Bojang,31,R,R,2.0,2.0,Normal,0.2,0.0,600000.0,0.0
SP,Said Bouguèche,32,R,R,2.5,2.5,Durable,0.0,0.2,600000.0,0.0
1B,Erik Crall,34,R,R,2.5,2.5,Normal,0.3,0.0,0.0,7.9
SP,David Eugenio,29,L,L,2.0,2.0,Normal,0.0,-1.2,600000.0,0.0
SS,Elijah Fitch,32,R,R,2.0,2.0,Normal,0.4,0.0,600000.0,0.0
RF,Nicholas Gibson,29,L,L,2.5,2.5,Normal,0.3,0.0,0.0,0.4
SP,Doug Hutton,31,R,R,2.5,2.5,Normal,0.0,0.3,0.0,3.5
SP,Oscar Key,27,R,R,2.5,3.5,Normal,0.0,0.0,0.0,0.5
SP,Jason Larkin,34,R,R,2.5,2.5,Fragile,0.0,1.7,0.0,1.7
LF,Jake Mazie,32,R,R,2.5,2.5,Normal,0.4,0.0,0.0,0.1
RP,Callen Miller,31,S,R,3.0,3.0,Normal,0.0,0.7,600000.0,3.8
RP,Isaac Philips,33,L,L,2.5,2.5,Normal,0.0,0.7,600000.0,3.4
RP,Ahmed Rana,30,L,L,2.0,2.0,Normal,0.0,0.7,480000.0,0.0
SP,Abdel Halim Reda,29,R,R,2.5,2.5,Durable,0.0,0.1,600000.0,0.0
SP,Ahmed Sabry,29,R,R,2.5,2.5,Normal,0.0,0.8,600000.0,0.0
SP,Sidath Sarr,31,R,R,2.0,2.0,Normal,0.0,2.8,600000.0,0.0
C,Walid Sedik Shahat,31,S,R,2.5,2.5,Durable,0.1,0.0,485000.0,0.0
1B,Ollie Villeneuve,31,R,R,2.5,2.5,Durable,1.0,0.0,0.0,0.1
1B,William Warren,34,R,R,2.5,2.5,Normal,-0.6,0.0,0.0,3.3
SP,A.J. Young,30,R,R,2.5,2.5,Fragile,0.0,1.0,0.0,5.3
1B,Hiroto Sakai,36,S,R,2.0,2.0,Normal,-0.1,0.0,580000.0,3.2
RF,Júnior Saucedo,32,L,L,2.5,2.5,Normal,1.6,0.0,576000.0,0.3
RP,Noah Cardenal,26,R,L,2.5,2.5,Normal,0.0,0.4,0.0,0.4
1B,Mario Cuevas,27,L,L,2.5,4.0,Durable,0.0,0.0,0.0,0.1
SP,Gilles Darius,28,R,R,2.5,2.5,Normal,0.0,3.2,392000.0,0.0
C,Gabriel Domínguez,27,S,R,2.5,2.5,Durable,-0.2,0.0,0.0,0.0
SP,Andy Dykeman,27,R,R,2.0,2.0,Fragile,0.0,0.3,550000.0,0.5
SP,Issam El-Hadidy,30,L,L,2.5,2.5,Fragile,0.0,1.9,550000.0,0.0
2B,Lionel Harvey,29,S,R,2.5,3.0,Fragile,0.0,0.0,550000.0,0.3
SP,James Jackson,29,R,R,2.5,3.0,Normal,0.0,1.3,0.0,2.8
LF,Bully Jones,30,R,R,2.0,2.0,Durable,2.1,0.0,550000.0,0.0
SP,Samir Messoudi,37,R,R,2.5,2.5,Normal,0.0,0.0,550000.0,0.0
RP,Ben Nishimura,28,R,R,2.5,3.0,Normal,0.0,-0.0,550000.0,0.9
SP,Ximo Romero,27,L,R,2.5,4.0,Normal,0.0,0.0,0.0,0.0
1B,Brody Roundtree,27,R,R,2.5,4.0,Normal,0.1,0.0,0.0,0.3
SP,Saafan Shabana,29,R,R,2.5,2.5,Normal,0.0,2.4,625000.0,0.0
SS,Reijo Ylönen,35,R,R,2.5,2.5,Normal,1.0,0.0,530000.0,0.0
3B,Lester Gibbs,25,S,R,2.5,3.0,Normal,-0.3,0.0,0.0,1.0
SS,Rémi Ranger,26,L,R,2.5,3.0,Durable,0.6,0.0,504000.0,0.6
SS,Josh DiFranco,27,R,R,2.5,3.5,Fragile,0.2,0.0,0.0,0.2
SP,C.J. Mayo,28,L,L,2.5,3.0,Normal,0.0,0.0,0.0,0.0
SS,José Picasso,27,R,R,2.5,2.5,Normal,-0.0,0.0,0.0,0.1
SP,Ellis Sever,26,L,L,2.0,2.0,Fragile,0.0,0.6,0.0,0.6
2B,Quinn Burwell,27,R,R,2.5,2.5,Normal,0.3,0.0,0.0,0.6
SS,Dan Garrido,27,R,R,2.0,3.0,Fragile,0.0,0.0,0.0,0.0
SP,Brendon Waker,24,R,R,2.0,2.5,Normal,0.0,0.2,440000.0,0.2
SP,Dustin Wells,27,S,R,2.5,3.5,Normal,0.0,0.0,0.0,0.3
C,Ansuro Canales,21,R,R,1.0,1.5,Normal,0.0,0.0,0.0,0.0
1B,Alberto Valdovinos,21,R,R,0.5,1.5,Normal,0.0,0.0,0.0,0.0
RP,Natalio Pinedo,21,L,L,1.0,1.5,Fragile,0.0,0.0,0.0,0.0
2B,Nattapon Pitichoktanon,20,L,R,0.5,1.5,Normal,0.0,0.0,0.0,0.0
C,Dan Gomez,20,R,R,1.0,1.5,Normal,0.0,0.0,0.0,0.0
LF,Steve Keller,27,L,L,2.5,3.0,Normal,0.0,0.0,0.0,0.0
2B,Gerald Frias,20,R,R,0.5,2.0,Normal,0.0,0.0,0.0,0.0
LF,Eric Cantero,20,R,R,1.0,1.5,Normal,0.0,0.0,0.0,0.0
C,Leonardo Gomez,21,R,R,0.5,1.5,Normal,0.0,0.0,0.0,0.0
3B,Pierre Codrington,20,L,R,1.0,1.5,Normal,0.0,0.0,0.0,0.0
SP,Kip Capuano,29,S,L,2.5,2.5,Normal,0.0,0.0,0.0,0.0
RP,Paz Ornelas,30,R,R,2.5,2.5,Normal,0.0,0.0,0.0,0.0
RP,Elvys Ramos,30,L,L,2.0,2.0,Normal,0.0,0.0,0.0,0.1
1B,L.J. Ebert,21,L,R,1.5,2.0,Durable,0.0,0.0,0.0,0.0
1B,Velo Barrantes,20,L,L,0.5,1.5,Normal,0.0,0.0,0.0,0.0
RF,Rick Delgado,21,L,L,0.5,1.5,Normal,0.0,0.0,0.0,0.0
C,Wei-Jung Ladesma,21,R,R,1.0,2.0,Normal,0.0,0.0,0.0,0.0
CF,Steve Reardon,21,L,L,1.0,1.5,Durable,0.0,0.0,0.0,0.0
LF,Aubrey Wilson,21,L,L,0.5,1.5,Durable,0.0,0.0,0.0,0.0
1B,Herman Rinehart,21,R,R,1.0,2.0,Normal,0.0,0.0,0.0,0.0
C,Jayson Viera,22,S,R,1.5,2.0,Normal,0.0,0.0,0.0,0.0
LF,Owen Black,21,R,R,1.5,2.0,Normal,0.0,0.0,0.0,0.0
LF,Romie King,21,R,R,0.5,1.5,Normal,0.0,0.0,0.0,0.0
C,Isaiah Loflin,23,R,R,1.5,2.0,Normal,0.0,0.0,0.0,0.0
SS,Terry Smith,21,R,R,1.5,2.0,Normal,0.0,0.0,0.0,0.0
RF,Lafaele Ulakai,21,R,L,0.5,1.5,Normal,0.0,0.0,0.0,0.0
3B,Jimmy Dombrowski,22,L,R,1.0,1.5,Normal,0.0,0.0,0.0,0.0
1B,Ryan Mullen,21,S,R,1.0,2.0,Normal,0.0,0.0,0.0,0.0
LF,Lalla Salinas,21,R,L,1.0,1.5,Normal,0.0,0.0,0.0,0.0
1B,Luke DiGeronimo,21,R,R,1.0,2.0,Normal,0.0,0.0,0.0,0.0
C,Emmett Morris,23,R,R,1.5,2.0,Normal,0.0,0.0,0.0,0.0
C,Kelvin Nuñez,22,R,R,1.0,2.0,Normal,0.0,0.0,0.0,0.0
RF,Art Pebley,22,R,R,0.5,2.0,Durable,0.0,0.0,0.0,0.0
RF,Johnny Peckham,21,R,R,0.5,2.0,Normal,0.0,0.0,0.0,0.0
1B,Paxton Franklin,21,L,L,1.0,2.0,Normal,0.0,0.0,0.0,0.0
RP,Damian Saunders,23,S,R,0.5,2.0,Normal,0.0,0.0,0.0,0.0
2B,Pat Tristan,23,R,R,1.5,2.0,Normal,0.0,0.0,0.0,0.0
RF,Ken Anderson,21,S,L,1.0,2.0,Normal,0.0,0.0,0.0,0.0
2B,Elias Crimm,21,R,R,0.5,1.5,Normal,0.0,0.0,0.0,0.0
1B,Ranen Gabriel,21,S,R,1.0,2.0,Durable,0.0,0.0,0.0,0.0
3B,Pelé Garcia,21,R,R,0.5,1.5,Normal,0.0,0.0,0.0,0.0
C,Isiah Holloway,21,L,R,1.5,2.0,Durable,0.0,0.0,0.0,0.0
C,Harry Howe,21,R,R,1.5,2.0,Normal,0.0,0.0,0.0,0.0
SS,Remberto Perez,21,L,R,1.5,2.0,Durable,0.0,0.0,0.0,0.0
3B,Aaron Peterson,21,L,R,1.0,2.0,Normal,0.0,0.0,0.0,0.0
1B,Sam Renner,21,R,R,1.0,2.5,Fragile,0.0,0.0,0.0,0.0
SS,Arthur Roman,21,R,R,1.5,2.0,Normal,0.0,0.0,0.0,0.0
SS,Alfredo Romero,21,R,R,1.5,2.0,Normal,0.0,0.0,0.0,0.0
1B,William Rufus,22,R,R,1.0,2.0,Normal,0.0,0.0,0.0,0.0
2B,William Tucker,21,R,R,1.5,1.5,Normal,0.0,0.0,0.0,0.0
LF,Andrew Wright,21,S,L,1.0,1.5,Normal,0.0,0.0,0.0,0.0
3B,J.R. Melendez,23,S,R,1.5,1.5,Normal,0.0,0.0,0.0,0.0
1B,Harold Calvillo,23,R,R,1.0,1.5,Normal,0.0,0.0,0.0,0.0
CF,Ross Fowler,23,R,R,1.5,2.0,Normal,0.0,0.0,0.0,0.0
2B,Franklyn Hooker,23,S,R,1.5,1.5,Normal,0.0,0.0,0.0,0.0
CF,Landyn Tucker,23,R,R,1.5,2.0,Normal,0.0,0.0,0.0,0.0
1B,Amos Amaya,21,R,R,1.5,2.0,Normal,0.0,0.0,0.0,0.0
RF,Eleazar Arriaza,21,R,R,1.0,2.5,Normal,0.0,0.0,0.0,0.0
2B,Loik Baliss,21,R,R,1.0,1.5,Normal,0.0,0.0,0.0,0.0
3B,Kenny Bustos,23,R,R,0.5,1.5,Normal,0.0,0.0,0.0,0.0
1B,Benjamin Callahan,21,L,L,1.0,1.5,Normal,0.0,0.0,0.0,0.0
LF,Victor Campos,21,R,R,1.0,2.0,Normal,0.0,0.0,0.0,0.0
RF,Blaine Chairez,22,R,R,0.5,1.5,Normal,0.0,0.0,0.0,0.0
RF,Dan Chapman,21,L,L,1.5,2.0,Normal,0.0,0.0,0.0,0.0
SP,Edward Colon,21,R,R,1.0,1.5,Normal,0.0,0.0,0.0,0.0
CF,Yeong-hwan Fagan,21,L,R,1.5,2.0,Normal,0.0,0.0,0.0,0.0
RF,Tony Gardner,21,L,L,1.5,2.0,Normal,0.0,0.0,0.0,0.0
LF,Dean Gonzalez,21,S,R,1.0,2.5,Normal,0.0,0.0,0.0,0.0
1B,Andrew Gunn,21,R,R,0.5,2.0,Normal,0.0,0.0,0.0,0.0
LF,Daniel Hunter,22,R,R,1.0,1.5,Normal,0.0,0.0,0.0,0.0
LF,Joel Knipp,21,L,L,0.5,2.0,Normal,0.0,0.0,0.0,0.0
LF,Freddie Kolkman,22,R,L,0.5,2.0,Normal,0.0,0.0,0.0,0.0
C,Price Larson,21,R,R,1.0,1.5,Normal,0.0,0.0,0.0,0.0
C,Keniel Lesczynski,22,R,R,1.0,2.0,Normal,0.0,0.0,0.0,0.0
LF,Samson Lugo,22,R,R,1.0,1.5,Normal,0.0,0.0,0.0,0.0
LF,Jeremiah Patterson,21,L,L,0.5,1.5,Normal,0.0,0.0,0.0,0.0
3B,Ellard Roysden,21,S,R,1.0,2.0,Normal,0.0,0.0,0.0,0.0
LF,Larry Spencer,21,R,R,1.0,2.0,Normal,0.0,0.0,0.0,0.0
LF,Jedd Tabor,21,R,R,1.0,1.5,Normal,0.0,0.0,0.0,0.0
SP,Raphaël Trevino,21,R,R,1.5,2.5,Normal,0.0,0.0,0.0,0.0
LF,Owen Wilson,21,R,R,0.5,1.5,Normal,0.0,0.0,0.0,0.0
RF,Artie Wojcik,21,R,R,0.5,2.0,Fragile,0.0,0.0,0.0,0.0
LF,Stu Acomb,23,R,R,1.5,2.5,Normal,0.0,0.0,0.0,0.0
1B,Ethan Carter,23,L,L,1.5,2.0,Normal,0.0,0.0,0.0,0.0
CF,Deon Favor,23,L,L,1.0,1.5,Normal,0.0,0.0,0.0,0.0
LF,Zoland Ladnier,23,S,R,1.5,2.0,Durable,0.0,0.0,0.0,0.0
3B,Fares Abdel Wehab,30,R,R,2.0,2.0,Normal,-0.2,0.0,0.0,0.0
LF,Wissam Abdelkader,34,R,R,2.0,2.0,Normal,-1.3,0.0,0.0,0.0
SP,Guillermo Abeyta,21,L,L,1.0,1.5,Durable,0.0,0.0,0.0,0.0
LF,Ogukwe Abiodun,21,R,L,0.5,1.0,Normal,0.0,0.0,0.0,0.0
SP,Charles Agaba,20,R,R,1.0,2.0,Normal,0.0,0.0,0.0,0.0
1B,Breiling Agosto,32,R,R,2.5,2.5,Normal,-0.1,0.0,0.0,0.2
RF,Gegé Aires,33,R,R,2.0,2.0,Normal,2.9,0.0,0.0,0.0
1B,Hesham Al-Zamek,29,R,R,2.0,2.0,Durable,-0.6,0.0,0.0,0.0
SS,Mohammed Salah Alaa,29,R,R,2.0,2.0,Normal,1.7,0.0,0.0,0.0
RP,Paul Allen,27,R,L,2.0,2.5,Normal,0.0,0.0,440000.0,0.0
RF,Gilberto Alonso,27,R,R,2.5,3.5,Durable,-0.2,0.0,0.0,0.6
SP,Al Amado,31,R,R,2.0,2.0,Fragile,0.0,-0.4,0.0,0.0
1B,Horace Andrew,21,S,R,0.5,1.5,Normal,0.0,0.0,0.0,0.0
C,Connor Angus,23,R,R,1.0,2.0,Normal,0.0,0.0,0.0,0.0
LF,Roderick Appleyard,24,L,L,0.5,1.5,Normal,0.0,0.0,0.0,0.0
3B,Logan Apsey,30,R,R,1.5,1.5,Normal,-0.4,0.0,0.0,0.0
C,Denton Araiza,28,S,R,2.0,2.5,Iron Man,0.0,0.0,0.0,0.0
SP,Orkan Atan,21,L,L,1.0,1.5,Durable,0.0,0.0,0.0,0.0
RP,Mark Avery,38,R,R,2.0,2.0,Normal,0.0,0.4,0.0,16.8
3B,Fausto Avila,27,R,R,1.5,3.0,Normal,0.0,0.0,0.0,0.1
1B,Levitson Azevedo,31,L,R,2.0,2.0,Normal,-0.3,0.0,0.0,0.0
SP,Ezra Bailey,26,R,R,2.5,2.5,Fragile,0.0,0.0,0.0,0.0
SS,Abdou Karim Bajo,29,L,R,2.0,2.0,Normal,2.0,0.0,0.0,0.0
SP,Min-Sung Bak,29,L,L,2.0,2.5,Normal,0.0,0.0,0.0,0.0
SS,Solomon Balero,21,R,R,1.5,1.5,Normal,0.0,0.0,0.0,0.0
SP,Júlio Baltazar,30,R,R,2.5,2.5,Normal,0.0,0.1,0.0,0.0
SP,Heath Beninga,26,R,R,1.5,2.5,Normal,0.0,0.0,0.0,0.0
RP,Miguel Benitez,34,R,L,2.0,2.0,Normal,0.0,0.0,630000.0,3.5
SP,Bachir Bensouda,34,L,L,2.5,2.5,Normal,0.0,1.7,0.0,0.0
CF,Carlos Beserra,32,L,L,1.5,1.5,Normal,-0.3,0.0,0.0,0.0
CF,Nigel Biketi,31,S,R,2.0,2.0,Normal,-0.8,0.0,0.0,0.0
LF,Félix Biron,21,R,L,1.0,2.0,Durable,0.0,0.0,0.0,0.0
RF,Mutawakriu Blankson,33,R,R,2.0,2.0,Normal,-0.1,0.0,0.0,0.0
3B,Rich Bodford,26,R,R,2.0,2.0,Normal,0.0,0.0,0.0,0.0
1B,Jakrit Boonman,21,R,R,0.5,1.5,Normal,0.0,0.0,0.0,0.0
RP,Trevor Boxley,21,R,R,0.5,0.5,Normal,0.0,0.0,0.0,0.0
SS,A.J. Brasher,31,R,R,2.0,2.0,Normal,0.5,0.0,0.0,0.0
LF,Broc Breaux,26,R,R,1.5,2.0,Normal,0.0,0.0,0.0,0.0
RP,Allan Bridenbaugh,24,L,R,2.5,2.5,Normal,0.0,0.0,0.0,0.4
RP,Joshua Briquelet,27,L,L,2.0,2.0,Normal,0.0,-0.1,0.0,0.4
1B,Daniel Brown,28,R,L,2.5,2.5,Normal,-0.4,0.0,0.0,1.5
CF,Leland Brown,32,R,R,1.5,1.5,Normal,0.2,0.0,0.0,0.0
LF,Wyatt Brown,25,R,R,2.0,2.5,Fragile,0.1,0.0,0.0,0.1
2B,Jeffrey Brubaker,22,L,R,1.0,1.5,Normal,0.0,0.0,0.0,0.0
1B,Pablo Bruno,26,L,L,2.0,2.0,Normal,0.0,0.0,0.0,0.0
SP,Samuel Buffalo,32,L,L,1.5,1.5,Normal,0.0,-0.2,0.0,0.0
RF,Hunter Burt,23,L,L,1.5,2.0,Normal,0.0,0.0,0.0,0.0
1B,Emmanuel Cahoon,34,R,R,2.0,2.0,Normal,-0.5,0.0,0.0,7.9
1B,Simón Calderon,34,R,R,1.5,1.5,Iron Man,-0.1,0.0,0.0,0.0
SP,Shawn Cameron,26,L,L,2.0,2.5,Normal,0.0,0.0,0.0,0.0
LF,Isauro Canales,33,L,L,2.5,2.5,Normal,0.0,0.0,0.0,0.0
SP,Geraldo Canazares,27,L,R,2.5,2.5,Normal,0.0,0.1,0.0,0.3
RP,Darien Cano,31,R,R,2.0,2.0,Fragile,0.0,0.6,0.0,0.0
SS,Nels Capela,31,R,R,2.0,2.0,Normal,0.9,-0.2,0.0,0.0
RP,Archie Castaneda,27,L,R,2.0,2.5,Normal,0.0,-0.9,0.0,0.0
SP,Lamont Castellon,26,R,R,2.5,2.5,Fragile,0.0,0.0,0.0,0.0
RF,Martino Cervantes,32,S,L,2.0,2.0,Fragile,0.0,0.0,0.0,1.5
LF,Max Chairez,20,L,R,0.5,1.5,Normal,0.0,0.0,0.0,0.0
RP,Chih-En Chang,31,R,R,1.5,1.5,Normal,0.0,0.0,0.0,0.0
RF,Aaron Chaparro,27,L,L,2.5,2.5,Normal,-0.0,0.0,0.0,0.1
SP,Isaiah Chapman,25,L,R,2.0,2.5,Fragile,0.0,-0.8,0.0,0.0
LF,Pai-Heng Cheng,30,L,L,1.5,1.5,Normal,0.0,0.0,0.0,0.0
SS,Szu Chia,29,R,R,1.5,1.5,Normal,0.0,0.0,0.0,0.0
LF,Alvin Chikwalakwala,21,L,R,0.5,1.5,Normal,0.0,0.0,0.0,0.0
RP,Shih-Chiao Chin,33,L,L,1.5,1.5,Normal,0.0,0.0,0.0,0.0
C,Chih-Hsiang Chiu,30,R,R,1.5,1.5,Normal,0.0,0.0,0.0,0.0
2B,Wei-Ju Chiu,30,S,R,1.5,1.5,Normal,0.0,0.0,0.0,0.0
3B,Yen-Jui Chiu,32,R,R,1.5,1.5,Normal,0.0,0.0,0.0,0.0
LF,Il-Kyun Choi,28,R,R,1.5,2.0,Normal,0.0,0.0,0.0,0.0
1B,Seon-U Choi,27,L,L,1.5,1.5,Normal,0.0,0.0,0.0,0.0
3B,Young-Hwan Choo,28,S,R,1.5,2.0,Normal,0.0,0.0,0.0,0.0
RP,Chun-Hung Chou,24,R,R,1.5,1.5,Normal,0.0,0.0,0.0,0.0
SS,Yung-Ching Chuang,30,L,R,1.5,1.5,Normal,0.0,0.0,0.0,0.0
SP,Hoon Chun,27,S,R,1.5,1.5,Normal,0.0,0.0,0.0,0.0
2B,Billy Clancey,24,R,R,1.0,2.5,Durable,0.0,0.0,0.0,0.0
LF,Jonathan Clerq,33,R,R,2.0,2.0,Normal,-1.2,0.0,0.0,0.0
CF,Osip Cooper,24,R,R,2.0,2.0,Normal,0.0,0.0,0.0,0.0
SP,Liberio Coria,28,R,R,1.5,2.0,Durable,0.0,0.0,0.0,0.0
CF,Tyler Cowger,21,R,R,0.5,1.5,Normal,0.0,0.0,0.0,0.0
C,Baessa Cruz,31,R,R,2.0,2.0,Normal,-1.0,0.0,0.0,0.0
2B,Costa Cruz,31,R,R,2.0,2.0,Normal,1.5,0.0,0.0,0.0
LF,Ethan Cruz,27,R,R,2.5,2.5,Normal,0.0,0.0,0.0,0.0
SP,Théo Cruz,29,L,L,2.0,2.0,Normal,0.0,-0.1,0.0,0.0
C,Jeremiah Cunningham,25,R,R,2.0,2.5,Normal,0.0,0.0,0.0,0.0
SS,Steven Curtis,27,L,R,2.0,2.5,Normal,0.0,0.0,0.0,0.0
SP,Chase Cutler,25,R,R,2.0,2.5,Normal,0.0,0.0,0.0,0.0
2B,Paul Dale,22,R,R,1.0,2.0,Durable,0.0,0.0,0.0,0.0
SP,Ibanesky Dalessandro,26,R,R,2.5,2.5,Fragile,0.0,0.0,0.0,0.1
SP,Mohammed Danso,31,L,R,1.5,1.5,Normal,0.0,-0.6,0.0,0.0
SS,Alexandre de Sio,30,R,R,2.0,2.0,Normal,0.4,0.0,0.0,0.0
1B,Nick Denno,25,S,R,2.5,2.5,Normal,-0.1,0.0,0.0,0.1
1B,Régis Descôteaux,25,L,R,2.0,2.5,Normal,-0.1,0.0,0.0,0.0
SP,Gordon Devor,34,L,L,2.5,2.5,Normal,0.0,0.5,0.0,9.5
RF,Bennett Dillingham,34,R,R,2.0,2.0,Durable,-0.4,0.0,0.0,2.2
C,Tyler DiPiero,25,R,R,2.0,2.0,Normal,0.0,0.0,0.0,0.0
C,Pablo Dirzo,24,R,R,1.0,1.5,Normal,0.0,0.0,0.0,0.0
SP,Darcy Doku,29,L,L,2.0,2.0,Normal,0.0,-0.4,0.0,0.0
C,Bryan Dooley,28,R,R,2.0,2.5,Normal,0.6,0.0,0.0,0.0
RF,Manuel Doria,31,L,L,2.0,2.0,Durable,1.1,0.0,0.0,0.0
SP,Zamobu Duarte,31,L,L,2.0,2.0,Normal,0.0,0.1,0.0,0.0
LF,Michael Dumas,27,L,L,1.5,3.0,Normal,0.0,0.0,0.0,0.0
1B,Judah Dykhoff,20,R,R,1.0,1.5,Normal,0.0,0.0,0.0,0.0
LF,Caleb East,24,R,L,1.5,3.0,Fragile,0.0,0.0,0.0,0.0
SS,Roldan Echevarria,24,R,R,1.5,2.0,Durable,-0.1,0.0,0.0,0.0
RF,Abderrahmane Echrifi,34,L,L,2.0,2.0,Normal,0.3,0.0,0.0,0.0
C,Mohamed El Shorbagy,32,R,R,2.0,2.0,Normal,0.2,0.0,0.0,0.0
1B,Mahmoud El-Tawila,30,R,R,2.0,2.0,Normal,0.3,0.0,0.0,0.0
SS,Raiden Enstad,25,R,R,2.0,2.5,Normal,-0.1,0.0,0.0,0.0
SP,Seong-Chan Eo,32,R,R,2.0,2.0,Normal,0.0,0.0,0.0,0.0
1B,Jun-U Eom,29,L,L,2.0,2.0,Normal,0.0,0.0,0.0,0.0
1B,Henry Eppstein,29,L,L,2.0,2.0,Durable,0.0,0.0,0.0,0.0
SS,Winfred Epstein,21,R,R,1.5,2.0,Normal,0.0,0.0,0.0,0.0
SP,Pancho Escamilla,25,R,R,1.5,2.5,Normal,0.0,-2.7,0.0,0.0
SP,Domingo Esquibel,26,R,R,2.0,2.5,Normal,0.0,0.0,0.0,0.0
RF,Dimitry Esteves,29,R,R,2.0,2.0,Normal,1.5,0.0,0.0,0.0
SP,Devon Fan,29,L,R,2.0,2.0,Normal,0.0,-1.2,0.0,1.0
C,Tai-Lang Fan,30,R,R,1.5,1.5,Durable,0.0,0.0,0.0,0.0
SP,Ebrima Fatty,33,R,R,2.0,2.0,Normal,0.0,0.4,0.0,0.0
LF,George Fencl,33,L,L,2.5,2.5,Normal,0.0,0.0,0.0,1.7
LF,Maison Fender,28,L,R,2.0,2.0,Normal,0.0,0.0,0.0,0.0
LF,Dagoberto Fierro,32,R,R,2.0,2.0,Normal,-0.1,0.0,0.0,0.0
SP,Adrián Flores,29,R,R,2.0,2.5,Normal,0.0,0.0,0.0,0.5
CF,Xavier Floyd,33,R,R,2.0,2.0,Normal,0.0,0.0,0.0,3.5
CF,Wilson Fogarty,33,L,R,1.5,1.5,Normal,-0.9,0.0,0.0,0.0
SS,Ray Forbes,27,R,R,2.0,2.0,Normal,0.0,0.0,0.0,0.0
SP,Jim Frahm,38,L,L,2.5,2.5,Normal,0.0,-0.4,0.0,31.1
1B,Solomon Freese,31,R,R,2.0,2.0,Normal,0.2,0.0,0.0,0.0
SP,Ray Fry,32,R,R,1.5,1.5,Normal,0.0,-1.3,0.0,0.0
CF,Moisés Galindo,32,R,R,2.0,2.0,Normal,1.4,0.0,0.0,0.0
LF,Rosman García,31,R,R,2.0,2.0,Normal,0.0,0.0,0.0,0.0
1B,Anthony Garduno,22,R,L,1.0,1.5,Normal,0.0,0.0,0.0,0.0
SP,Cason Germain,27,L,L,2.0,2.0,Normal,0.0,0.0,0.0,0.0
CF,Devine Gomba,30,R,R,2.0,2.0,Normal,0.3,0.0,0.0,0.0
SP,Hugo González,20,R,R,0.5,1.5,Durable,0.0,0.0,0.0,0.0
SP,Robert González,28,R,R,2.0,2.0,Fragile,0.0,0.7,0.0,0.0
LF,Aiden Gouin,27,R,R,2.5,3.5,Normal,0.0,0.0,0.0,0.0
SP,Rayan Graaf,31,R,R,1.5,1.5,Normal,0.0,0.0,0.0,0.0
C,Evan Gray,24,R,R,2.0,2.5,Normal,0.0,0.0,0.0,0.0
CF,Arnav Greer,28,S,R,1.5,3.0,Wrecked,0.0,0.0,0.0,0.0
SP,Tyler Grun,25,L,L,2.0,2.0,Fragile,0.0,0.0,0.0,0.0
SP,Nathan Grégoire,27,L,L,2.0,3.0,Fragile,0.0,0.0,0.0,0.0
1B,Manel Guerra,34,R,R,2.0,2.0,Normal,-0.2,0.0,0.0,0.0
SP,Elías Guzman,32,R,R,2.0,2.0,Normal,0.0,0.0,0.0,0.0
SP,Ji-Hwan Han,32,R,R,2.5,2.5,Normal,0.0,0.0,0.0,0.0
LF,Rob Hansen,27,R,R,2.5,3.0,Normal,0.0,0.0,0.0,0.0
LF,Joshua Harden,27,L,L,2.5,2.5,Durable,0.0,0.0,0.0,0.0
SP,Anas Hassan,30,R,R,2.0,2.0,Normal,0.0,0.6,0.0,0.0
SP,Bono Hays,31,R,R,2.0,2.0,Normal,0.0,1.3,0.0,0.0
2B,Rick Hernandez,31,R,R,1.5,1.5,Normal,-0.0,0.0,0.0,0.0
1B,Chia-Ming Ho,29,R,L,1.5,1.5,Normal,0.0,0.0,0.0,0.0
SP,Dural Hoang,27,L,L,2.0,3.0,Normal,0.0,0.0,0.0,0.2
LF,Alban Hogan,27,L,L,2.0,3.5,Fragile,0.0,0.0,0.0,0.1
RF,John Howes,28,R,R,2.5,2.5,Normal,0.1,0.0,0.0,0.1
SP,Ming Hsaio,20,R,R,1.0,2.0,Durable,0.0,0.0,0.0,0.0
RP,Rian Hubler,32,R,L,2.0,2.0,Iron Man,0.0,0.6,0.0,0.0
SP,Cole Huegel,23,L,L,1.5,1.5,Normal,0.0,0.0,0.0,0.0
SP,Percival Hughes,21,R,R,1.5,2.0,Durable,0.0,0.0,0.0,0.0
SP,Joong-Kyung Hwang,28,S,R,2.0,2.0,Normal,0.0,0.0,0.0,0.0
LF,Myeong-Rae Hwang,27,L,L,1.5,2.0,Normal,0.0,0.0,0.0,0.0
C,Esa Hyvönen,29,R,R,2.5,2.5,Normal,1.4,0.0,0.0,0.0
SP,Jonathan Idrissi,35,R,R,2.0,2.0,Normal,0.0,-0.2,0.0,0.0
1B,Hyeon-Jun Im,26,L,L,1.5,1.5,Normal,0.0,0.0,0.0,0.0
SP,Mario Isler,25,R,R,2.0,2.5,Fragile,0.0,0.0,0.0,0.0
SS,Thamer Jaadi,34,R,R,2.0,2.0,Durable,0.3,0.0,0.0,0.0
SP,Will Jenkins,32,R,R,2.0,2.0,Durable,0.0,0.0,0.0,0.0
CF,R.W. Jiardina,20,R,R,0.5,1.0,Normal,0.0,0.0,0.0,0.0
2B,Dilan Jiménez,33,L,R,2.0,2.0,Normal,0.0,0.0,0.0,0.0
SP,Carson Johnson,26,L,R,2.0,2.5,Durable,0.0,0.0,0.0,0.0
C,Dean Johnson,33,R,R,2.0,2.0,Normal,0.5,0.0,0.0,0.6
SP,Daniel Johnston,25,R,R,2.0,2.5,Normal,0.0,0.0,0.0,0.0
1B,Micah Johnston,34,L,L,2.0,2.0,Normal,-0.1,0.0,0.0,0.5
LF,Brandon Jones,31,L,L,1.5,1.5,Normal,-0.1,0.0,0.0,0.0
2B,Hayden Jones,23,R,R,1.0,1.5,Normal,0.0,0.0,0.0,0.0
C,Keven Jones,23,S,R,1.5,2.0,Normal,0.0,0.0,0.0,0.0
SP,Jeong-Hu Jun,28,R,R,2.5,2.5,Iron Man,0.0,0.0,0.0,0.0
SS,Davy Jurado,26,R,R,2.0,2.5,Durable,0.1,0.0,0.0,0.3
SP,Oliver Järvinen,30,R,R,2.0,2.0,Normal,0.0,0.2,0.0,0.0
RP,Pete Kahn,26,L,R,2.5,2.5,Normal,0.0,0.0,0.0,0.3
1B,Hee-Ho Kang,28,R,R,1.5,1.5,Normal,0.0,0.0,0.0,0.0
1B,Yul Kang,28,L,R,2.0,2.0,Normal,0.0,0.0,0.0,0.0
SP,Yun Kang,33,S,R,2.5,2.5,Normal,0.0,0.0,0.0,0.0
SP,Nash Keelin,27,L,L,2.0,2.5,Fragile,0.0,0.0,0.0,0.0
C,Adrian Kelsey,22,R,R,1.0,1.5,Normal,0.0,0.0,0.0,0.0
SP,London Kersten,33,L,L,2.5,2.5,Normal,0.0,0.3,0.0,8.1
CL,Beom-Jun Kim,25,R,R,2.0,3.0,Fragile,0.0,0.1,0.0,0.1
RP,Kyung Kim,32,R,R,2.0,2.0,Wrecked,0.0,0.0,520000.0,0.0
2B,Min-Gi Kim,28,R,R,1.5,2.0,Normal,0.0,0.0,0.0,0.0
3B,Seung-Heui Kim,28,R,R,1.5,1.5,Normal,0.0,0.0,0.0,0.0
SP,Si-Won Kim,31,R,R,2.0,2.0,Normal,0.0,0.0,0.0,0.0
C,Seth Kinsley,34,R,R,2.0,2.0,Normal,0.0,0.0,0.0,0.0
RF,Susan Kipruto,27,L,L,2.0,2.0,Normal,0.0,0.0,0.0,0.0
RP,Ian Knight,24,L,L,0.5,1.5,Normal,0.0,0.0,0.0,0.0
SP,Thian Poh Kok,21,S,R,0.5,1.5,Normal,0.0,0.0,0.0,0.0
2B,Serhiy Kostevych,27,R,R,2.0,2.5,Normal,0.0,0.0,0.0,0.0
CF,Miro Kotkavuori,31,R,L,2.0,2.0,Normal,0.0,0.0,0.0,0.0
CF,Sid Kramer,30,R,R,2.0,2.0,Normal,0.0,0.0,0.0,0.0
CF,Liam Krason,31,R,R,1.5,1.5,Durable,0.1,0.0,0.0,0.0
SP,Sheldon Kristian,26,R,R,1.5,2.5,Normal,0.0,0.0,0.0,0.4
SP,Min-Kyun Kwan,32,R,R,2.0,2.0,Normal,0.0,0.0,0.0,0.0
2B,Yong-Sup Kwan,28,S,R,1.5,2.0,Normal,0.0,0.0,0.0,0.0
SP,Chun-Yeong Kyun,34,S,R,2.0,2.0,Normal,0.0,0.0,0.0,0.0
1B,Elijah Land,28,L,L,2.5,3.0,Normal,0.0,0.0,0.0,0.7
RF,Ragab Lashin,33,L,L,2.0,2.0,Durable,-0.0,0.0,570000.0,0.0
RP,Alexander Lazarre,23,L,L,0.5,1.5,Normal,0.0,0.0,0.0,0.0
SP,Théo Lebrun,27,L,L,2.0,2.5,Normal,0.0,0.0,0.0,0.0
CF,Jae-Min Lee,26,R,R,2.0,2.0,Fragile,0.0,0.0,0.0,0.0
SP,Ye-Jun Lee,27,R,R,1.5,1.5,Fragile,0.0,0.0,0.0,0.0
SP,Abe Lehrmann,26,L,R,2.0,2.5,Normal,0.0,0.0,0.0,0.5
3B,Rayan Lepage,24,R,R,1.5,3.0,Normal,0.0,0.0,0.0,0.0
SP,Jack Lewis,26,R,R,2.0,2.5,Normal,0.0,-0.2,0.0,0.0
1B,Alardo Leyva,27,R,R,2.0,3.0,Normal,0.0,0.0,0.0,0.0
RP,Shu-Yi Liang,27,R,R,1.5,1.5,Fragile,0.0,0.0,0.0,0.0
RP,Hsiao-Tse Liao,27,R,R,1.0,1.0,Normal,0.0,0.0,0.0,0.0
1B,Tzu-Sung Lin,24,R,R,1.0,1.0,Durable,0.0,0.0,0.0,0.0
RP,Wei-Hong Lin,28,S,R,1.5,1.5,Normal,0.0,0.0,0.0,0.0
LF,Morris Liu,27,R,R,1.5,1.5,Normal,0.0,0.0,0.0,0.0
SP,Samuel Ludwig,27,L,R,2.0,4.0,Fragile,0.0,0.0,0.0,0.0
2B,Ricardo López,20,S,R,0.5,1.5,Durable,0.0,0.0,0.0,0.0
2B,Sofiane Macheni,35,R,R,2.0,2.0,Normal,-0.6,0.0,0.0,0.0
SS,Nolan Machi,26,S,R,2.0,2.0,Normal,0.0,0.0,0.0,0.0
3B,Kelly MacKail,32,S,R,2.5,2.5,Normal,-2.0,0.0,0.0,3.4
SP,Desi Madrigal,26,L,L,2.0,2.0,Normal,0.0,0.0,0.0,0.0
LF,Júlio Maldonado,27,R,R,1.5,2.5,Normal,0.0,0.0,0.0,0.0
RF,Tony Mallow,27,R,R,2.5,3.5,Normal,-0.1,0.0,0.0,0.1
1B,Djone Mandinga,32,L,L,2.0,2.0,Normal,0.0,0.0,0.0,0.0
SP,Kostas Maniatis,20,S,R,1.0,1.5,Durable,0.0,0.0,0.0,0.0
SP,Gobin Maraj,20,R,R,0.5,2.0,Normal,0.0,0.0,0.0,0.0
2B,David Marques,30,L,R,2.0,2.0,Normal,-1.0,0.0,0.0,0.0
SP,Bobby Marquez,24,R,R,1.5,2.5,Normal,0.0,0.0,0.0,0.0
LF,Ned Marshall,30,L,L,2.0,2.0,Durable,0.0,0.0,0.0,0.0
C,Andrew Martinez,31,R,R,1.5,1.5,Normal,-0.4,0.0,0.0,0.0
1B,Carlos Martínez,20,R,R,1.0,2.0,Normal,0.0,0.0,0.0,0.0
3B,Paschal Matthews,26,R,R,1.5,2.0,Normal,0.0,0.0,0.0,0.0
C,Eugene McAdams,27,L,R,2.0,2.5,Normal,0.0,0.0,0.0,0.0
RF,Dirk McCoy,30,L,R,1.5,1.5,Normal,0.1,0.0,0.0,0.0
3B,James McGee,24,S,R,2.0,2.0,Normal,0.0,0.0,0.0,0.0
LF,Freddy Medellin,33,L,R,1.5,1.5,Normal,0.1,0.0,0.0,0.0
SP,Phillip Meece,25,R,R,2.0,2.0,Normal,0.0,0.0,0.0,0.0
SS,Yanni Mejia,29,R,R,2.0,2.0,Normal,0.0,0.0,0.0,0.0
RP,Brent Mendez,33,L,R,3.0,3.0,Normal,0.0,0.3,0.0,0.0
SP,Ji-Hu Meng,27,R,R,1.5,2.0,Normal,0.0,0.0,0.0,0.0
2B,Eusebio Mercado,25,S,R,1.5,2.0,Normal,0.0,0.0,0.0,0.0
2B,Gabriel Mercado,33,R,R,1.5,1.5,Normal,-0.5,0.0,0.0,0.0
LF,Anthony Merriweather,25,L,R,1.5,2.0,Durable,0.0,0.0,0.0,0.0
3B,Brandon Michael,32,R,R,1.5,1.5,Normal,0.3,0.0,0.0,0.0
2B,Daniel Milani,31,R,R,2.5,2.5,Fragile,-1.6,0.0,0.0,3.1
1B,Steve Mileski,27,R,L,2.0,2.5,Normal,0.0,0.0,0.0,0.0
2B,Randall Miller,31,R,R,2.0,2.0,Iron Man,0.3,0.0,0.0,0.0
SP,Etienne Miron,28,L,L,2.5,3.0,Normal,0.0,0.0,0.0,0.7
C,Chandler Mitchell,28,R,R,2.5,2.5,Normal,-0.0,0.0,0.0,0.0
SP,Kerwin Mohammed,30,L,L,2.0,2.0,Normal,0.0,0.3,0.0,0.0
SP,Yin Thang Mon,31,R,R,2.0,2.0,Fragile,0.0,0.0,0.0,0.0
LF,Virgilio Montañez,31,S,R,1.5,1.5,Normal,-0.4,0.0,0.0,0.0
LF,Gonzalo Montes,31,L,L,2.0,2.0,Normal,-0.5,0.0,0.0,0.0
C,Jae-Hun Moon,32,R,R,1.5,1.5,Normal,-0.2,0.0,0.0,0.0
1B,Nate Moreno,31,R,R,1.5,1.5,Normal,-0.1,0.0,0.0,0.0
RF,Biri Moseley,31,L,L,1.5,1.5,Normal,0.1,0.0,0.0,0.0
1B,Oktar Mosrati,36,R,R,2.0,2.0,Normal,0.0,0.0,0.0,0.0
SP,Ray Murman,27,R,R,2.0,3.0,Wrecked,0.0,0.0,0.0,0.0
CF,Jack Murray,22,L,R,0.5,1.5,Durable,0.0,0.0,0.0,0.0
RP,Liberty Muza,30,L,L,2.0,2.0,Normal,0.0,-0.8,0.0,0.0
SP,Elia Muñoz,31,L,L,2.0,2.0,Normal,0.0,0.0,0.0,0.0
CF,Nicolas Napolitano,23,L,L,1.0,2.0,Normal,0.0,0.0,0.0,0.0
C,Joel Naranjo,20,R,R,0.5,1.5,Normal,0.0,0.0,0.0,0.0
RF,David Ndlovu,20,L,L,0.5,1.0,Durable,0.0,0.0,0.0,0.0
SP,Yusupha Ndure,31,L,L,2.0,2.0,Durable,0.0,0.7,0.0,0.0
1B,Adam Neal,27,R,R,2.0,2.0,Normal,0.1,0.0,0.0,0.1
C,Peter Nguyen,29,R,R,2.0,2.0,Normal,0.0,0.0,0.0,0.0
SP,Ousseynou Njai,32,R,R,2.0,2.0,Normal,0.0,0.7,0.0,0.0
RP,Su-Hyeok No,31,R,R,1.5,1.5,Normal,0.0,0.0,0.0,0.0
SP,Glen Nofoaiga,20,S,R,1.0,2.0,Normal,0.0,0.0,0.0,0.0
RF,Michael Nomura,27,L,L,2.5,2.5,Normal,0.1,0.0,0.0,0.1
SP,Leonard Nonn,27,L,R,2.5,3.0,Normal,0.0,0.0,0.0,0.4
3B,Toni Nousiainen,32,S,R,2.0,2.0,Normal,0.4,0.0,0.0,0.0
LF,Leroy O'Brien,26,R,R,2.0,3.5,Fragile,0.0,0.0,0.0,0.0
2B,Eddy Ochoa,23,S,R,1.0,1.5,Durable,0.0,0.0,0.0,0.0
SP,Suketsune Oda,27,R,R,2.0,3.0,Normal,0.0,0.0,448000.0,0.1
LF,Jong-Hoo Oh,34,L,L,2.0,2.0,Fragile,0.0,0.0,0.0,0.0
SP,U-Jin Oh,29,S,R,2.0,2.5,Normal,0.0,0.0,0.0,0.0
SP,J.C. Ortega,25,L,R,2.0,2.0,Normal,0.0,-0.0,0.0,0.0
C,Sebastian Osborne,23,R,R,1.5,2.5,Normal,0.0,0.0,0.0,0.0
SP,Ivan Padilla,29,R,R,1.5,1.5,Normal,0.0,0.0,0.0,0.0
RP,Do-Won Pak,21,L,L,1.0,1.5,Normal,0.0,0.0,0.0,0.0
CF,Fernando Paniagua,20,L,L,0.5,1.0,Durable,0.0,0.0,0.0,0.0
SP,Jong-Yun Park,27,R,R,2.0,2.0,Normal,0.0,0.0,0.0,0.0
SP,Ju-Wan Park,33,L,L,2.0,2.0,Normal,0.0,0.0,0.0,0.0
SP,Jun-U Park,27,L,L,1.5,1.5,Normal,0.0,0.0,0.0,0.0
SS,Si-Ho Park,29,R,R,2.0,2.0,Normal,0.0,0.0,0.0,0.0
SP,Young-Hoon Park,32,R,R,2.0,2.0,Normal,0.0,0.0,0.0,0.0
C,Vicente Parra,24,R,R,1.0,1.5,Durable,0.0,0.0,0.0,0.0
RF,Gualterio Pastrana,27,L,L,2.0,3.5,Fragile,0.0,0.0,0.0,0.0
CF,Henry Patterson,27,R,R,1.5,1.5,Normal,0.0,0.0,0.0,0.0
SP,Yojo Pea,21,R,R,0.5,1.5,Normal,0.0,0.0,0.0,0.0
CF,Scottie Pedroza,23,R,R,1.5,2.5,Normal,0.0,0.0,0.0,0.0
CL,Sebastian Pendergrast,25,L,R,2.0,3.5,Normal,0.0,0.0,0.0,0.0
LF,Henry Petit,24,R,R,1.0,1.5,Normal,0.0,0.0,0.0,0.0
LF,Grant Phelps,30,S,R,2.0,2.0,Normal,-0.0,0.0,0.0,0.3
SP,Tremaine Phillip,21,L,R,0.5,1.5,Normal,0.0,0.0,0.0,0.0
LF,Charles Phillips,23,L,L,1.5,3.0,Normal,0.0,0.0,0.0,0.0
SP,Milo Polumalu,20,L,R,0.5,1.0,Normal,0.0,0.0,0.0,0.0
1B,P.J. Pratt,37,L,L,2.0,2.0,Iron Man,-0.2,0.0,0.0,2.1
LF,Steven Pratt,20,R,L,1.0,1.5,Normal,0.0,0.0,0.0,0.0
3B,Noah Prince,30,R,R,2.0,2.0,Normal,-0.2,0.0,0.0,0.0
C,Trey Pruneau,26,L,R,2.0,2.0,Normal,-0.1,0.0,0.0,0.0
LF,Manuel Pérez,28,S,R,2.0,2.0,Fragile,0.0,0.0,0.0,0.0
LF,Cary Rae,24,R,L,1.0,1.5,Normal,0.0,0.0,0.0,0.0
C,Alaa Rahim,32,L,R,2.0,2.0,Normal,0.0,0.0,0.0,0.0
SP,Alvin Ramage,21,R,R,0.5,1.0,Normal,0.0,0.0,0.0,0.0
SP,Luís Ramos,27,L,L,2.0,2.0,Normal,0.0,0.0,0.0,0.0
RP,Ernesto Ramírez,23,R,R,1.0,1.0,Durable,0.0,0.0,0.0,0.0
1B,Jim Read,27,R,R,2.0,3.0,Normal,-0.0,0.0,0.0,0.6
SP,Dana Rector,28,L,R,2.0,2.5,Iron Man,0.0,0.0,0.0,0.0
SS,Abdelgani Reda,32,L,R,2.0,2.0,Normal,-0.5,0.0,0.0,0.0
C,Owen Redhouse,21,R,R,1.0,2.0,Normal,0.0,0.0,0.0,0.0
SP,Yago Rendon,28,L,L,2.0,2.5,Normal,0.0,0.0,0.0,0.0
SP,Derek Reuben,29,L,L,2.0,2.0,Normal,0.0,-0.6,0.0,0.0
2B,Avelino Reyes,30,R,R,2.0,2.0,Normal,0.1,0.0,0.0,0.0
SP,Zach Richards,25,R,R,2.0,2.0,Normal,0.0,0.0,0.0,0.0
1B,Anastasio Riojas,21,R,L,1.0,2.0,Normal,0.0,0.0,0.0,0.0
3B,Erv Rios,27,R,R,2.0,2.5,Fragile,-0.5,0.0,0.0,0.2
LF,Jeremy Roberts,23,R,R,1.0,1.5,Normal,0.0,0.0,0.0,0.0
RF,R.C. Roberts,30,L,R,2.5,2.5,Normal,-0.8,0.0,0.0,2.7
LF,Albano Rodríguez,20,L,R,0.5,1.5,Normal,0.0,0.0,0.0,0.0
SP,Jack Rogers,29,R,R,2.5,2.5,Normal,0.0,0.1,0.0,0.0
3B,Alberto Rojo,32,R,R,1.5,1.5,Normal,0.1,0.0,0.0,0.0
1B,Santo Rosa,24,R,R,1.5,2.5,Normal,0.0,0.0,0.0,0.0
LF,Vidal Rosa,27,L,L,1.5,2.0,Normal,0.0,0.0,0.0,0.0
3B,Porter Rousseau,21,S,R,1.0,1.5,Normal,0.0,0.0,0.0,0.0
SP,Jefferson Rualas,32,L,R,2.5,2.5,Normal,0.0,2.9,0.0,0.0
CF,Sancho Ruiz,26,R,R,1.5,2.5,Normal,0.0,0.0,0.0,0.0
2B,Luke Russell,31,R,R,2.5,2.5,Normal,0.0,0.0,0.0,0.5
LF,Chae-Hyeon Ryu,27,L,R,1.5,2.0,Fragile,0.0,0.0,0.0,0.0
SP,Kwang-Seon Ryu,28,S,R,2.5,2.5,Fragile,0.0,0.0,0.0,0.0
SP,Jean Saint-Jean,20,R,R,1.0,2.0,Normal,0.0,0.0,0.0,0.0
C,Duane Salas,23,L,R,1.5,2.5,Normal,0.0,0.0,0.0,0.0
SP,Jeffrén Salazar,29,R,R,2.0,2.5,Fragile,0.0,0.0,0.0,0.0
1B,Cristian Salinas,30,S,R,1.5,1.5,Normal,-0.3,0.0,0.0,0.0
1B,Broderick Sama,30,L,R,2.0,2.0,Normal,0.1,0.0,580000.0,0.0
C,D.J. Sanderson,31,R,R,2.0,2.0,Normal,-0.7,0.0,0.0,0.0
1B,Eduardo Sandey,28,R,R,2.0,2.5,Normal,0.0,0.0,0.0,0.1
LF,Sun-Pil Sang,30,R,R,1.5,1.5,Normal,0.0,0.0,0.0,0.0
C,Neil Sanosar,22,R,R,1.0,2.0,Normal,0.0,0.0,0.0,0.0
2B,Matt Sarkisian,26,R,R,2.0,2.5,Durable,-0.0,0.0,0.0,0.0
2B,Hossam Sayad,32,R,R,2.0,2.0,Normal,0.8,0.0,0.0,0.0
RF,Yahya Secka,31,L,L,2.0,2.0,Normal,0.1,0.0,0.0,0.0
SS,Ellis See,26,R,R,2.0,3.5,Fragile,0.0,0.0,0.0,0.0
C,Ayman Selim,31,R,R,2.0,2.0,Durable,-0.0,0.0,0.0,0.0
SP,Ormond Sellers,27,R,R,2.5,2.5,Wrecked,0.0,0.0,0.0,0.3
SP,Christian Seth,25,R,R,2.0,2.5,Fragile,0.0,0.0,0.0,0.8
RP,Myung-Sok Seu,29,L,L,2.0,2.0,Normal,0.0,0.0,488000.0,0.0
RF,Jean Seul,35,L,R,2.0,2.0,Normal,-0.1,0.0,0.0,4.3
SP,Ray Sheehy,31,L,R,1.5,1.5,Normal,0.0,0.0,0.0,0.0
1B,Eric Simumba,20,R,R,0.5,1.5,Normal,0.0,0.0,0.0,0.0
LF,Hee-Ju Sin,30,R,R,1.5,1.5,Normal,0.0,0.0,0.0,0.0
3B,Kalifa Singhateh,31,R,R,2.0,2.0,Normal,1.3,0.0,0.0,0.0
C,Jeffery Slaughter,27,R,R,2.0,2.5,Normal,0.0,0.0,0.0,0.1
1B,Todd Smillie,27,R,R,2.0,2.0,Normal,0.0,0.0,0.0,0.0
SP,J.C. Soler,26,R,R,2.0,3.0,Fragile,0.0,0.1,0.0,0.4
2B,Seong-Joon Song,31,S,R,2.0,2.0,Wrecked,0.0,0.0,0.0,0.0
LF,Jonny Sonko,32,R,R,2.0,2.0,Normal,-0.2,0.0,0.0,0.0
CF,Jacome Sosa,33,L,L,1.5,1.5,Normal,0.0,0.0,0.0,0.0
LF,Karl Souza,28,R,R,1.5,2.5,Durable,0.0,0.0,0.0,0.0
C,Abdou Sowe,31,R,R,2.0,2.0,Normal,-0.4,0.0,0.0,0.0
1B,Dominic Stulce,27,R,R,2.0,3.5,Normal,0.0,0.0,0.0,0.0
SP,Wayne Sudweeks,26,L,R,2.0,3.5,Normal,0.0,0.0,0.0,0.0
SP,Bruno Sulivandro,32,R,R,2.0,2.0,Durable,0.0,0.6,0.0,0.0
SP,Junior Sutton,27,R,R,2.5,2.5,Fragile,0.0,0.0,0.0,0.3
SP,Brayden Swanson,26,L,L,2.0,2.5,Normal,0.0,0.0,0.0,0.0
3B,Adam Tadlock,23,R,R,1.5,1.5,Normal,0.0,0.0,0.0,0.0
RP,Chin-Hui Tang,30,R,R,1.5,1.5,Fragile,0.0,0.0,0.0,0.0
LF,Tsai Tang,30,R,R,1.5,1.5,Normal,0.0,0.0,0.0,0.0
SP,Aleix Terrazas,32,R,R,2.0,2.0,Iron Man,0.0,-0.9,0.0,0.0
2B,Jang-Jin Toko,25,L,R,1.5,1.5,Normal,0.0,0.0,0.0,0.0
RP,José Tolento,22,R,R,0.5,1.5,Normal,0.0,0.0,0.0,0.0
RP,Pap Touray,32,R,R,1.5,1.5,Normal,0.0,1.0,0.0,0.0
2B,Harald Turunen,34,R,R,2.0,2.0,Normal,1.1,0.0,0.0,0.0
C,Kaiden Ulreich,32,R,R,2.0,2.0,Normal,-0.1,0.0,0.0,0.0
2B,T.J. Valle,29,R,R,2.0,2.5,Normal,0.0,0.0,0.0,0.5
LF,Didac Valverde,32,L,L,2.0,2.0,Durable,0.0,0.0,0.0,0.0
RF,Adam van Enk,33,L,L,2.0,2.0,Normal,-0.2,0.0,0.0,0.0
SP,Mike Van Horn,27,R,R,2.5,2.5,Normal,0.0,0.0,0.0,0.3
SP,Benigno Varguez,35,R,R,2.5,2.5,Normal,0.0,0.5,0.0,7.4
SP,Miguel Varjo,29,L,L,2.0,2.0,Normal,0.0,1.1,0.0,0.0
1B,Donovan Vega,32,R,R,1.5,1.5,Normal,0.0,0.0,0.0,0.0
RF,Júlio Velásquez,27,R,R,2.0,2.0,Normal,-0.0,0.0,0.0,0.0
SP,Blessing Vheremu,21,R,R,0.5,1.5,Normal,0.0,0.0,0.0,0.0
SP,Bartolomé Vidalez,20,R,R,0.5,1.0,Normal,0.0,0.0,0.0,0.0
SP,Paulo Viegas,30,L,L,2.0,2.0,Normal,0.0,1.2,0.0,0.0
3B,Sebastian Villar,24,R,R,1.5,1.5,Normal,0.0,0.0,0.0,0.0
LF,Bartolo Villareal,33,R,R,1.5,1.5,Durable,-0.0,0.0,0.0,0.0
LF,Héctor Vásquez,20,R,R,0.5,1.5,Normal,0.0,0.0,0.0,0.0
1B,Melky Vásquez,30,L,L,2.0,2.0,Normal,0.1,0.0,0.0,0.0
C,Pablo Vásquez,27,R,R,2.0,2.5,Durable,0.0,0.0,0.0,0.0
RP,Roger Waldron,27,L,R,1.5,3.0,Normal,0.0,0.0,0.0,0.0
C,Murray Wallace,27,R,R,2.5,3.0,Fragile,-0.2,0.0,0.0,0.0
3B,Aiden Wang,40,S,R,1.5,1.5,Normal,0.0,0.0,0.0,0.5
C,Po-Yu Wang,31,L,R,1.5,1.5,Normal,0.0,0.0,0.0,0.0
C,Jeremiah Watson,23,L,R,1.5,2.0,Normal,0.0,0.0,0.0,0.0
2B,Malcolm Webster,26,R,R,2.0,2.0,Normal,-0.0,0.0,0.0,0.0
C,Noah Welton,26,S,R,1.5,4.0,Normal,0.0,0.0,0.0,0.0
SS,Tai Weng,23,S,R,1.5,1.5,Durable,0.0,0.0,0.0,0.0
SP,Dylan Wetherill,32,R,R,1.5,1.5,Normal,0.0,0.3,0.0,0.0
1B,San Wie,29,R,R,1.5,1.5,Normal,0.0,0.0,0.0,0.0
C,Jason Wiekens,31,S,R,2.5,2.5,Durable,0.0,0.0,0.0,0.0
SP,Wayne Willard,30,R,L,2.5,2.5,Normal,0.0,0.0,0.0,0.0
CF,Rick Williams,38,L,L,2.0,2.0,Normal,0.0,0.0,0.0,12.2
2B,Benjamin Wind,29,S,R,1.5,1.5,Durable,0.0,0.0,0.0,0.0
3B,Gabe Wohl,27,L,R,2.0,2.5,Normal,-0.0,0.0,0.0,0.0
CF,Michael Woodmansee,21,R,R,1.0,2.0,Normal,0.0,0.0,0.0,0.0
RP,Kion Wright,24,R,R,0.5,1.0,Normal,0.0,0.0,0.0,0.0
C,Su Wu,37,R,R,1.5,1.5,Normal,0.0,0.0,0.0,0.0
C,Yu-Ching Yang,27,R,R,1.0,1.5,Normal,0.0,0.0,0.0,0.0
SP,Wes Yeager,25,L,L,2.0,2.5,Normal,0.0,0.0,0.0,0.0
2B,Daniel Young,27,S,R,2.5,3.5,Fragile,-0.4,0.0,0.0,0.2
RP,Sun-Moon Yun,32,S,R,2.0,2.0,Normal,0.0,0.0,580000.0,0.0
RF,Cordell Zachery,27,L,L,2.0,3.0,Normal,0.0,0.0,0.0,0.0
CF,Alaeddin Zakaria,29,R,R,2.0,2.0,Normal,0.1,0.0,0.0,0.0
SP,Travis Zhang,31,R,L,2.0,2.0,Normal,0.0,0.0,0.0,0.0
SP,Uriel Zubiate,27,S,R,2.0,4.0,Normal,0.0,0.2,0.0,0.5
SP,Mario Zúñiga,26,R,R,2.0,3.0,Fragile,0.0,0.0,0.0,0.0
